<environmentvariabledefinition schemaname="ya_GeneralAffairsDepartmentEmail">
  <defaultvalue>admin@yappf.onmicrosoft.com</defaultvalue>
  <description default="総務部メールアドレス">
    <label description="総務部メールアドレス" languagecode="1041" />
  </description>
  <displayname default="GeneralAffairsDepartmentEmail">
    <label description="GeneralAffairsDepartmentEmail" languagecode="1041" />
  </displayname>
  <introducedversion>1.0.0.0</introducedversion>
  <iscustomizable>1</iscustomizable>
  <isrequired>0</isrequired>
  <secretstore>0</secretstore>
  <type>100000000</type>
</environmentvariabledefinition>