{
  "properties": {
    "connectionReferences": {
      "shared_office365users": {
        "runtimeSource": "embedded",
        "connection": {
          "connectionReferenceLogicalName": "ya_sharedoffice365users_30dcf"
        },
        "api": {
          "name": "shared_office365users"
        }
      },
      "shared_commondataserviceforapps": {
        "runtimeSource": "embedded",
        "connection": {
          "connectionReferenceLogicalName": "new_sharedcommondataserviceforapps_d04e4"
        },
        "api": {
          "name": "shared_commondataserviceforapps"
        }
      },
      "shared_approvals": {
        "runtimeSource": "embedded",
        "connection": {
          "connectionReferenceLogicalName": "new_sharedapprovals_29e77"
        },
        "api": {
          "name": "shared_approvals"
        }
      },
      "shared_office365": {
        "runtimeSource": "embedded",
        "connection": {
          "connectionReferenceLogicalName": "new_sharedoffice365_eca6d"
        },
        "api": {
          "name": "shared_office365"
        }
      }
    },
    "definition": {
      "$schema": "https://schema.management.azure.com/providers/Microsoft.Logic/schemas/2016-06-01/workflowdefinition.json#",
      "contentVersion": "1.0.0.0",
      "parameters": {
        "$connections": {
          "defaultValue": {},
          "type": "Object"
        },
        "$authentication": {
          "defaultValue": {},
          "type": "SecureObject"
        },
        "GeneralAffairsDepartmentEmail (ya_GeneralAffairsDepartmentEmail)": {
          "defaultValue": "admin@yappf.onmicrosoft.com",
          "type": "String",
          "metadata": {
            "schemaName": "ya_GeneralAffairsDepartmentEmail",
            "description": "総務部メールアドレス"
          }
        }
      },
      "triggers": {
        "行が追加、変更、または削除された場合": {
          "metadata": {
            "operationMetadataId": "442aed3d-fdcd-4999-a619-2fb20d2d7f9d"
          },
          "type": "OpenApiConnectionWebhook",
          "inputs": {
            "host": {
              "connectionName": "shared_commondataserviceforapps",
              "operationId": "SubscribeWebhookTrigger",
              "apiId": "/providers/Microsoft.PowerApps/apis/shared_commondataserviceforapps"
            },
            "parameters": {
              "subscriptionRequest/message": 4,
              "subscriptionRequest/entityname": "ya_businesscardapplication",
              "subscriptionRequest/scope": 4
            },
            "authentication": "@parameters('$authentication')"
          }
        }
      },
      "actions": {
        "上司の取得_(V2)": {
          "runAfter": {
            "ID_で行を取得する": [
              "Succeeded"
            ]
          },
          "metadata": {
            "operationMetadataId": "1904af8d-2870-4935-a092-96b96cc3dd34"
          },
          "type": "OpenApiConnection",
          "inputs": {
            "host": {
              "connectionName": "shared_office365users",
              "operationId": "Manager_V2",
              "apiId": "/providers/Microsoft.PowerApps/apis/shared_office365users"
            },
            "parameters": {
              "id": "@outputs('ID_で行を取得する')?['body/internalemailaddress']"
            },
            "authentication": "@parameters('$authentication')"
          }
        },
        "ID_で行を取得する": {
          "runAfter": {},
          "metadata": {
            "operationMetadataId": "06246037-28cb-4bff-bff7-eb87bba259fa"
          },
          "type": "OpenApiConnection",
          "inputs": {
            "host": {
              "connectionName": "shared_commondataserviceforapps",
              "operationId": "GetItem",
              "apiId": "/providers/Microsoft.PowerApps/apis/shared_commondataserviceforapps"
            },
            "parameters": {
              "entityName": "systemusers",
              "recordId": "@triggerOutputs()?['body/_createdby_value']"
            },
            "authentication": "@parameters('$authentication')"
          }
        },
        "開始して承認を待機": {
          "runAfter": {
            "上司の取得_(V2)": [
              "Succeeded"
            ]
          },
          "metadata": {
            "operationMetadataId": "7ac9a81e-c2b8-4c39-a620-6be7ee4c7ffb"
          },
          "type": "OpenApiConnectionWebhook",
          "inputs": {
            "host": {
              "connectionName": "shared_approvals",
              "operationId": "StartAndWaitForAnApproval",
              "apiId": "/providers/Microsoft.PowerApps/apis/shared_approvals"
            },
            "parameters": {
              "approvalType": "BasicAwaitAll",
              "WebhookApprovalCreationInput/title": "名刺作成申請",
              "WebhookApprovalCreationInput/assignedTo": "@{outputs('上司の取得_(V2)')?['body/mail']};",
              "WebhookApprovalCreationInput/itemLink": "https://orgc32d97b6.crm7.dynamics.com/main.aspx?cmdbar=true&forceUCI=1&navbar=off&newWindow=true&pagetype=entityrecord&etn=ya_businesscardapplication&id=@{triggerOutputs()?['body/ya_businesscardapplicationid']}",
              "WebhookApprovalCreationInput/enableNotifications": true,
              "WebhookApprovalCreationInput/enableReassignment": true
            },
            "authentication": "@parameters('$authentication')"
          }
        },
        "条件": {
          "actions": {
            "メールの送信_(V2)": {
              "runAfter": {},
              "metadata": {
                "operationMetadataId": "7c68e934-234e-4fdb-9d1c-227afe11fb29"
              },
              "type": "OpenApiConnection",
              "inputs": {
                "host": {
                  "connectionName": "shared_office365",
                  "operationId": "SendEmailV2",
                  "apiId": "/providers/Microsoft.PowerApps/apis/shared_office365"
                },
                "parameters": {
                  "emailMessage/To": "@{outputs('ID_で行を取得する')?['body/internalemailaddress']};@{parameters('GeneralAffairsDepartmentEmail (ya_GeneralAffairsDepartmentEmail)')};",
                  "emailMessage/Subject": "名刺作成申請が承認されました",
                  "emailMessage/Body": "<p>名刺作成申請が承認されました。</p>"
                },
                "authentication": "@parameters('$authentication')"
              }
            }
          },
          "runAfter": {
            "開始して承認を待機": [
              "Succeeded"
            ]
          },
          "else": {
            "actions": {
              "メールの送信_(V2)_2": {
                "runAfter": {},
                "metadata": {
                  "operationMetadataId": "d8d9e02f-0d82-4f92-9115-7f02f13f7ced"
                },
                "type": "OpenApiConnection",
                "inputs": {
                  "host": {
                    "connectionName": "shared_office365",
                    "operationId": "SendEmailV2",
                    "apiId": "/providers/Microsoft.PowerApps/apis/shared_office365"
                  },
                  "parameters": {
                    "emailMessage/To": "@outputs('ID_で行を取得する')?['body/internalemailaddress']",
                    "emailMessage/Subject": "名刺作成申請が却下されました",
                    "emailMessage/Body": "<p>名刺作成申請が却下されました。</p>"
                  },
                  "authentication": "@parameters('$authentication')"
                }
              }
            }
          },
          "expression": {
            "equals": [
              "@outputs('開始して承認を待機')?['body/outcome']",
              "Approve"
            ]
          },
          "metadata": {
            "operationMetadataId": "e18ac550-5b33-4f21-8bce-61f0d4906bee"
          },
          "type": "If"
        }
      },
      "outputs": {}
    }
  },
  "schemaVersion": "1.0.0.0"
}